Source ID,Short citation,Full citation,Source type,Scope/provenance,Stable ID/DOI/URL,Consulted directly?,Notes
S01,"Poebel 1909, BE 6/2","Arno Poebel. 1909. Babylonian Legal and Business Documents from the Time of the First Dynasty of Babylon, Chiefly from Nippur. The Babylonian Expedition of the University of Pennsylvania, Series A: Cuneiform Texts, vol. 6, part 2. Philadelphia: Department of Archaeology, University of Pennsylvania.",Primary-text edition and early interpretation,Mixed-provenance volume; only individually checked Nippur texts used as core evidence.,https://etana.org/sites/default/files/coretexts/14861.pdf,"YES: selected transliterations, translations, introduction, discussion, and catalogue; selected page images visually checked. No independent tablet collation.","Title page gives 1909, despite inconsistent repository metadata. References use printed pages. PDF page index = printed page + 13 in the main text. Catalogue pp. 147–151 checked as page images. Nippur(?) qualification retained for no. 16. No. 8 is Yokha, not Nippur. Some personal names and technical translations are early readings. No complete-volume corpus census performed."
S02,"CDLI P262151 / PBS 8/2, 116","Edward Chiera. 1922. Old Babylonian Contracts. Publications of the Babylonian Section 8/2. Philadelphia: University Museum, no. 116. Digital edition: Cuneiform Digital Library Initiative, artifact P262151, CBS 07112, including tablet and envelope transliteration and English translation; accessed 19 September 2026.",Primary digital edition and object catalogue,"Nippur; Rīm-Sîn 50, month 2; maintenance agreement.",https://cdli.earth/artifacts/262151,"YES: full displayed transliteration, translation, and metadata; not an independent reading of the clay.","Tablet and envelope represent one agreement, not two transactions. CDLI gives Nippur but no house, locus, or stratigraphic level. The language metadata field is blank; the displayed text is Sumerian. The date formula is year 21 after the capture of Isin, normalized by CDLI to Rīm-Sîn 50."
S03,"CDLI P262191 / PBS 8/2, 130","Edward Chiera. 1922. Old Babylonian Contracts. Publications of the Babylonian Section 8/2. Philadelphia: University Museum, no. 130. Digital edition: Cuneiform Digital Library Initiative, artifact P262191, CBS 07157, Sumerian transliteration, English translation, and catalogue metadata; accessed 19 September 2026.",Primary digital edition and object catalogue,Nippur; Samsu-iluna 10/05/20(?); silver loan repayable in barley.,https://cdli.earth/artifacts/262191,YES: full displayed text and metadata; not independent tablet collation.,"Day 20 is marked uncertain in the transliteration. Interest-bearing is explicit; no numerical rate, exchange rate, security, occupation, or repayment outcome is given in the displayed text. House/locus/level fields are blank."
S04,Meinhold 2014,Wiebke Meinhold. 2014. “Erbrecht nach altbabylonischen Kauf- und Tauschurkunden aus Nippur.” Zeitschrift für Altorientalische und Biblische Rechtsgeschichte 20: 11–32.,Specialist original research,"Old Babylonian Nippur sale, exchange, and inheritance documents.",https://www.academia.edu/40907963/Erbrecht_nach_altbabylonischen_Kauf_und_Tauschurkunden_aus_Nippur,"YES: substantial selected article text, especially pp. 11–28, via author-uploaded HTML transcription. Not a new collation of its underlying tablets.","Used for corrected relationships in BE 6/2, 32–35, limits of ownership clauses and co-sale, and the contested linkage of BE 6/2, 38 with 64. The study’s publication-era counts are not a current corpus census or population sample. No tables transcribed as new primary observations."
S05,Meinhold 2015,Wiebke Meinhold. 2015. “Das Vermögen der Familie des Mannum-mēšu-liṣṣur.” Zeitschrift für Assyriologie und Vorderasiatische Archäologie 105(1): 7–29. DOI: 10.1515/za-2015-0003.,Specialist original research,"Reconstructed Mannum-mēšu-liṣṣur family/property history, Old Babylonian Nippur.",https://doi.org/10.1515/za-2015-0003 ; author text: https://www.academia.edu/40907916/Das_Vermögen_der_Familie_des_Mannum_mēšu_liṣṣur,YES: substantial selected prose and notes via author-uploaded HTML; original edition plates and article tables not independently collated.,"Used for documentary custody versus family association, revised prosopography, date and family identification in BE 6/2, 64, and two explicitly mediated cases (OECT 8, 4 and 11). Hunter 1930 and Stone/Owen 1991 originals not independently read. Quantitative portfolio tables not reproduced."
S06,Stone 1976,"Elizabeth C. Stone, catalogue; photographs by Paul E. Zimansky. 1976. Old Babylonian Contracts from Nippur: Selected Texts from the University Museum, University of Pennsylvania. Oriental Institute, Miscellaneous Publications 1. Chicago: University of Chicago. DOI: 10.83354/dqrs-h420.",Primary collection catalogue,Selected Penn Museum Old Babylonian Nippur contracts.,https://isac.uchicago.edu/publications/old-babylonian-contracts-nippur-selected-texts-university-museum-university ; https://doi.org/10.83354/dqrs-h420,YES: publisher metadata and PDF introduction/catalogue. Microfiche photographs not collated.,"Useful for collection history and publication concordance, not treated as 70 translated or independently examined transactions. Main primary readings in this return come from S01–S03."
S07,"Stone 1987, SAOC 44",Elizabeth C. Stone. 1987. Nippur Neighborhoods. Studies in Ancient Oriental Civilization 44. Chicago: Oriental Institute. DOI: 10.83354/czh7-zk49.,Excavation-based monograph; access lead,Nippur TA/TB houses and texts.,https://isac.uchicago.edu/publications/nippur-neighborhoods ; https://doi.org/10.83354/czh7-zk49,NO full book: publisher and repository metadata only; publisher also reproduces a review.,"Multiple full-PDF retrieval attempts failed. Plans, locus records, and primary text editions were not inspected. TA/TB cases below are mediated by S08, not asserted as direct consultation of Stone. The publisher’s review text is not silently treated as Stone’s own demonstrated conclusion."
S08,Brisch 2017,"Nicole Brisch. 2017. “To Eat Like a God: Religion and Economy in Old Babylonian Nippur.” In Yağmur Heffron, Adam Stone, and Martin Worthington, eds., At the Dawn of History: Ancient Near Eastern Studies in Honour of J. N. Postgate. Winona Lake, IN: Eisenbrauns, pp. 43–53 (author listing; publisher range 43–54). DOI: 10.1515/9781575064741-006.","Specialist original research, partially accessible",Old Babylonian Nippur religious/economic transactions; SAOC 44 loan examples.,https://doi.org/10.1515/9781575064741-006 ; https://researchprofiles.ku.dk/en/publications/to-eat-like-a-god-religion-and-economy-in-old-babylonian-nippur/ ; indexed book text: https://dokumen.pub/at-the-dawn-of-history-ancient-near-eastern-studies-in-honour-of-j-n-postgate-9781575064741.html,PARTIAL ONLY: author metadata and selected search-indexed text around pp. 48–49. Full chapter retrieval failed.,"Cases SAOC 44, 2, 3, 67 are provisional leads. Their reported rates and findspots have not been rechecked against Stone’s editions or excavation records. Do not turn fill/disturbed contexts into resident archives. Do not annualize the quoted 20% without checking the original term."
S09,Spada and Hallo 2024,Gabriella Spada and William W. Hallo. 2024. “Sumerian Model Contracts from the Old Babylonian Period in the Arkeoloji Müzeleri of Istanbul.” Journal of Cuneiform Studies 76: 53–101. DOI: 10.1086/730481.,Edition of didactic texts; abstract consulted,Nippur school/model contracts in Istanbul.,https://doi.org/10.1086/730481 ; https://www.journals.uchicago.edu/doi/10.1086/730481,ABSTRACT / indexed description only; full article and text editions not consulted.,Editors describe 20 fragmentary multicolumn school tablets with silver/barley loans and antichretic pledge models. These are not entered in the actual-transaction inventory or counted as observed defaults.
S10,Spada 2018,Gabriella Spada. 2018. Sumerian Model Contracts from the Old Babylonian Period in the Hilprecht Collection Jena. Wiesbaden: Harrassowitz. ISBN 9783447110341.,Didactic-text edition; discovery lead,"Hilprecht Collection model contracts, including Old Babylonian Nippur materials.",https://www.harrassowitz-verlag.de/Sumerian_Model_Contracts_from_the_Old_Babylonian_Period_in_the_Hilprecht_Collection_Jena/titel_5585.ahtml ; https://iris.uniroma1.it/handle/11573/1127845,Publisher/repository description only; book not consulted.,"Used only to identify a further school-text corpus, not to supply actual loan events or a term-by-term legal reconstruction."
S11,Meinhold 2019,Wiebke Meinhold. 2019. “Prebends and Prebendaries in Old Babylonian Nippur.” Journal of Ancient Near Eastern Religions 19(1–2): 55–70. DOI: 10.1163/15692124-12341304.,Specialist original research; abstract consulted,Nippur prebends and their holders.,https://doi.org/10.1163/15692124-12341304 ; https://brill.com/view/journals/jane/19/1-2/article-p55_5.pdf,ABSTRACT / metadata only; full article not consulted.,"Follow-up for the service/income relation and women’s prebend holdings. Detailed findings below rely on named primary examples, not unseen pages in this article."
S12,Stone and Owen 1991,"Elizabeth C. Stone and David I. Owen, with a contribution by John R. Mitchell. 1991. Adoption in Old Babylonian Nippur and the Archive of Mannum-mešu-liṣṣur. Mesopotamian Civilizations 3. Winona Lake, IN: Eisenbrauns. ISBN 9780931464539.",Primary edition and study; discovery lead,Adoption and reconstructed Mannum archive.,https://www.eisenbrauns.org/books/titles/978-0-931464-53-9.html,"Publisher metadata only. Underlying texts/revisions encountered through S05, not independently read in this edition.",No claim to have examined all texts or reviewed all published criticisms. Proposed genealogies cannot simply be adopted without later corrections.
S13,"Hunter 1930, OECT 8","G. R. Hunter. 1930. The Sayce and H. Weld Collection in the Ashmolean Museum: Sumerian Contracts from Nippur. Oxford Editions of Cuneiform Texts 8. Oxford: Oxford University Press. viii + 45 pp., 46 plates.",Primary edition; bibliographic verification only,Ashmolean Nippur contracts.,https://www.cambridge.org/core/journals/journal-of-the-royal-asiatic-society/article/abs/sayce-and-h-weld-collection-in-the-ashmolean-museum-sumerian-contracts-from-nippur-by-g-r-hunter-12-9-pp-viii-45-pls-46-oxford-oxford-university-press-1930-12s/C71A9B62284992FA387102FB59110A61,NO full edition: bibliographic details checked through contemporary review metadata.,"OECT 8, 4 and 11 are explicitly mediated by S05. This reference supplies retrieval information, not independent corroboration of the cases."
S14,ePSD2 šudua [GUARANTEE],"Electronic Pennsylvania Sumerian Dictionary, ePSD2, šudua [GUARANTEE], entry o0022037. ORACC / University of Pennsylvania; accessed 19 September 2026.",Lexical corpus/reference,"Cross-period Sumerian lexical evidence, including Old Babylonian Nippur lexical examples.",https://oracc.museum.upenn.edu/epsd2/cbd/sux/o0022037.html,Entry/search-index content consulted; cited occurrences not independently collated.,A lexical gloss and a school list are not an executed guarantee. No actual Nippur loan is assigned a guarantor from this lexical entry.
S15,ePSD2 ura [LOAN],"Electronic Pennsylvania Sumerian Dictionary, ePSD2, ura [LOAN], entry o0022075. ORACC / University of Pennsylvania; accessed 19 September 2026.",Lexical corpus/reference,Cross-period lexical meanings and occurrences.,https://oracc.museum.upenn.edu/epsd2/sux/o0022075,Entry/search-index content consulted; occurrence corpus not systematically surveyed.,"Terminology cross-check only. A dictionary’s cross-period occurrences are not a Nippur loan sample, and a term cannot supply missing contract clauses."
S16,"Spada 2023, antichretic pledge","Gabriella Spada. 2023. “A new Old Babylonian antichretic pledge.” Oriens Antiquus, Series Nova 5: 115–118. DOI: 10.19272/202313401006.",Primary-text edition; introduction only consulted,"Old Babylonian BM 110416, registration 1914,0404.482; Nippur provenance not established in the material read.",https://iris.uniroma1.it/handle/11573/1700857 ; https://www.academia.edu/114246635/A_new_Old_Babylonian_antichretic_pledge,PARTIAL: institutional abstract and author-uploaded first-page introduction; complete edition not obtained.,"Introduction discusses conflicting indications for a school exercise versus an operative document. No verified Nippur transaction is added. This is an exclusion/retrieval lead, not corroboration of actual collateral enforcement."
S17,"Spada 2024, temple-loan assessment",Gabriella Spada. 2024. “Old Babylonian temple loans: an assessment.” Rivista degli Studi Orientali 97(4): 149–164. DOI: 10.19272/202403804008.,Specialist original research; abstract/introduction consulted,"Cross-regional Old Babylonian temple loans, especially Northern Babylonia and Diyala.",https://doi.org/10.19272/202403804008 ; https://www.researchgate.net/publication/394055073_Old_Babylonian_temple_loans_an_assessment,PARTIAL: author-uploaded abstract and first-page introduction. Full-text links did not yield the complete article.,"Further retrieval lead for institutional lending. No regional counts, rates, motives, or borrower categories are imported as Nippur findings. Not used to upgrade the three provisional SAOC cases."
S18,"Spada 2022, food-offering interest",Gabriella Spada. 2022. “Its interest is a food offering: Old Babylonian temple loans with the maš₂ mākālum formula.” Rivista degli Studi Orientali 95(3): 89–101. DOI: 10.19272/202203803006.,Specialist research and text editions; introduction only consulted,Cross-regional Old Babylonian temple loans; individual Nippur cases not verified here.,https://iris.uniroma1.it/handle/11573/1670374 ; https://doi.org/10.19272/202203803006,PARTIAL: institutional metadata/abstract and author-uploaded first-page introduction; appendix editions not obtained.,The 2022 publication year is distinguished from its 2023 online upload. A retrieval lead for nonstandard interest/performance wording; no unseen appendix tablet enters the case inventory.
